"DATA_YEAR","VICTIM_ID","CIRCUMSTANCES_ID","JUSTIFIABLE_FORCE_ID"
2017,105379854,1,
2017,106312008,9,
2017,103055001,6,
2017,100745954,1,
2017,99962365,10,
2017,99987538,1,
2017,100771010,1,
2017,99945186,4,
2017,101772656,1,
2017,101303056,1,
2017,101312112,6,
2017,104646561,9,
2017,104656281,1,
2017,103848151,10,
2017,103411074,1,
2017,104646717,9,
2017,104657777,1,
2017,103855220,1,
2017,103394055,1,
2017,104611348,1,
2017,104645844,9,
2017,107507338,9,
2017,103397531,1,
2017,105386849,10,
2017,106300634,9,
2017,101317404,1,
2017,101292797,6,
2017,101770412,1,
2017,101786892,1,
2017,105389539,9,
2017,101309543,1,
2017,103393986,1,
2017,101308196,1,
2017,102639725,10,
2017,102638977,1,
2017,102648997,9,
2017,101769668,1,
2017,101779312,1,
2017,103053699,10,
2017,103061937,6,
2017,100746177,1,
2017,100748826,8,
2017,99924642,1,
2017,99957279,9,
2017,99987145,9,
2017,100771582,10,
2017,103045967,9,
2017,99442860,6,
2017,98893934,9,
2017,106298454,9,
2017,103836175,1,
2017,106316051,2,
2017,106303651,1,
2017,106290097,1,
2017,106307836,10,
2017,106311915,1,
2017,101288475,1,
2017,105385727,10,
2017,106309017,9,
2017,102642030,9,
2017,103851521,6,
2017,102654055,1,
2017,102662809,10,
2017,102663827,9,
2017,102663820,9,
2017,98899653,10,
2017,103046735,9,
2017,101783746,6,
2017,106297287,9,
2017,106297287,1,
2017,103398704,6,
2017,103401019,9,
2017,103062390,1,
2017,103853015,1,
2017,103850586,9,
2017,105402799,10,
2017,107511742,10,
2017,106734854,1,
2017,100755094,6,
2017,99930322,1,
2017,99976770,1,
2017,99978600,1,
2017,101761271,1,
2017,101792373,2,
2017,101774953,9,
2017,101781536,9,
2017,101762351,1,
2017,101293045,6,
2017,101317272,9,
2017,101302675,9,
2017,104622280,10,
2017,103826940,10,
2017,104652614,9,
2017,103859181,1,
2017,103391161,1,
2017,103417286,9,
2017,104627555,1,
2017,103397782,1,
2017,103425252,1,
2017,103851331,1,
2017,104640566,1,
2017,104646099,1,
2017,104647989,6,
2017,104658562,10,
2017,103046074,6,
2017,111197834,10,
2017,106297573,10,
2017,101774994,9,
2017,101787072,10,
2017,101301780,1,
2017,101288584,1,
2017,101770308,10,
2017,101783540,9,
2017,101769964,1,
2017,101779313,1,
2017,103836756,9,
2017,103059991,6,
2017,99487033,1,
2017,103084107,1,
2017,99944759,1,
2017,99961216,9,
2017,100772955,1,
2017,100772957,1,
2017,99962379,1,
2017,99990551,1,
2017,99975761,10,
2017,103047529,1,
2017,105389969,6,
2017,105392827,6,
2017,105415658,10,
2017,105410386,9,
2017,105415901,1,
2017,106292103,1,
2017,106297273,1,
2017,99962690,1,
2017,102641274,1,
2017,102648365,1,
2017,102652826,1,
2017,102654310,9,
2017,102656017,1,
2017,102663315,1,
2017,102663410,1,
2017,102662430,6,
2017,103837470,1,
2017,103052498,6,
2017,105388305,1,
2017,106286796,6,
2017,105397202,9,
2017,107527978,1,
2017,106741942,1,
2017,103418173,9,
2017,103079072,9,
2017,106734659,10,
2017,100765461,9,
2017,100747476,6,
2017,99453434,1,
2017,99483582,10,
2017,100771007,1,
2017,101789374,1,
2017,101792758,1,
2017,101288613,10,
2017,101780189,9,
2017,101305880,9,
2017,101304693,1,
2017,106300825,1,
2017,104636015,1,
2017,104639977,10,
2017,104645323,1,
2017,104649009,10,
2017,103396005,1,
2017,104623210,6,
2017,103415247,6,
2017,104624085,9,
2017,103072155,10,
2017,103823464,1,
2017,103851495,1,
2017,104622151,6,
2017,103861287,1,
2017,103861287,6,
2017,103866945,1,
2017,103427430,9,
2017,105404017,1,
2017,107501549,1,
2017,107501549,9,
2017,106712063,1,
2017,101310045,1,
2017,106310040,9,
2017,101318489,9,
2017,103083316,1,
2017,105388459,6,
2017,105395895,1,
2017,101311147,1,
2017,101792188,1,
2017,101757132,10,
2017,101779662,10,
2017,99962105,1,
2017,103836766,9,
2017,103078315,6,
2017,103078315,1,
2017,103077877,9,
2017,103085278,1,
2017,100768620,1,
2017,99987156,9,
2017,99945217,1,
2017,99925754,6,
2017,106309069,9,
2017,107527936,1,
2017,106712345,1,
2017,105384490,1,
2017,101296408,9,
2017,101309409,10,
2017,105382856,1,
2017,105393788,9,
2017,106306814,6,
2017,106297572,9,
2017,102639180,1,
2017,102641831,9,
2017,102643444,1,
2017,102653178,1,
2017,102658406,9,
2017,102665403,10,
2017,98902766,10,
2017,103059899,1,
2017,103067477,9,
2017,103067477,1,
2017,103069568,1,
2017,101285751,10,
2017,101289298,6,
2017,103066737,9,
2017,106309025,6,
2017,106720070,9,
2017,103411840,1,
2017,103425166,1,
2017,103849818,10,
2017,103425067,1,
2017,103829781,1,
2017,103830952,1,
2017,103862705,9,
2017,106714893,1,
2017,103055215,1,
2017,100761323,1,
2017,99928362,1,
2017,99928362,9,
2017,100770152,1,
2017,100747667,6,
2017,100755924,1,
2017,100773083,1,
2017,103866868,1,
2017,101313807,9,
2017,101293900,1,
2017,104631043,6,
2017,103823380,9,
2017,104634078,6,
2017,103830212,9,
2017,104653680,1,
2017,103411490,10,
2017,103415744,1,
2017,104628446,6,
2017,104645831,9,
2017,103414360,9,
2017,103863410,9,
2017,103405555,6,
2017,104644153,1,
2017,104644380,9,
2017,104648629,1,
2017,103046100,2,
2017,107527915,10,
2017,107507366,9,
2017,107506909,1,
2017,106748709,9,
2017,101298466,2,
2017,101301860,9,
2017,101304684,6,
2017,101769699,10,
2017,102639101,6,
2017,102634785,9,
2017,103403482,9,
2017,102648852,1,
2017,102648955,9,
2017,101771441,9,
2017,101771441,1,
2017,103048554,6,
2017,103078340,9,
2017,99473115,1,
2017,100746125,1,
2017,100746223,9,
2017,99962877,10,
2017,106293436,10,
2017,106748510,1,
2017,107935843,10,
2017,106311946,1,
2017,106311946,9,
2017,101305850,1,
2017,105390383,9,
2017,106294085,6,
2017,106294085,1,
2017,105397811,1,
2017,102648535,6,
2017,102658092,1,
2017,102664633,10,
2017,101291039,9,
2017,104612356,1,
2017,104612356,6,
2017,103854040,6,
2017,103855436,10,
2017,106292127,1,
2017,106298108,1,
2017,105388590,10,
2017,106711931,1,
2017,103852994,1,
2017,106747242,9,
2017,105390611,6,
2017,106754236,1,
2017,103077960,1,
2017,99949414,1,
2017,101769277,10,
2017,101771833,9,
2017,101787063,1,
2017,101755459,1,
2017,101286128,1,
2017,107527970,10,
2017,101288541,2,
2017,101317086,1,
2017,104634069,6,
2017,104645105,1,
2017,104642579,1,
2017,103400684,10,
2017,103421379,10,
2017,103403135,1,
2017,104616552,3,
2017,104616552,1,
2017,103860329,1,
2017,103073154,1,
2017,104625067,1,
2017,104653629,1,
2017,103852428,10,
2017,107501250,6,
2017,105385932,10,
2017,107502398,10,
2017,105386816,10,
2017,105397723,9,
2017,106292275,1,
2017,101766346,1,
2017,102647015,1,
2017,101289096,10,
2017,101763382,1,
2017,101303229,6,
2017,101769459,10,
2017,101770184,6,
2017,101789377,1,
2017,102648957,9,
2017,99473910,9,
2017,99473792,3,
2017,99459112,1,
2017,100746131,1,
2017,100746179,1,
2017,100754358,1,
2017,99951061,1,
2017,99457512,1,
2017,100748151,6,
2017,100757112,1,
2017,100766628,1,
2017,107517266,1,
2017,106727317,1,
2017,106708650,1,
2017,105373440,6,
2017,105373440,1,
2017,106306087,1,
2017,106309253,6,
2017,101779449,1,
2017,106315761,10,
2017,106297203,10,
2017,106308342,9,
2017,106303291,1,
2017,102646417,1,
2017,102662799,1,
2017,103069006,10,
2017,101792072,10,
2017,103061529,10,
2017,105403067,1,
2017,106297269,1,
2017,106289981,10,
2017,106301324,6,
2017,106301324,1,
2017,111184971,8,
2017,103853084,9,
2017,107535198,9,
2017,106729276,3,
2017,106729276,1,
2017,106310325,9,
2017,105396642,1,
2017,103070343,6,
2017,100761017,10,
2017,103056152,6,
2017,99962161,10,
2017,100770469,1,
2017,99959254,1,
2017,100769708,10,
2017,100749741,6,
2017,99951344,6,
2017,99987531,1,
2017,101769272,10,
2017,101756134,9,
2017,101285288,1,
2017,101288539,2,
2017,101294434,10,
2017,106287173,10,
2017,106293583,9,
2017,103858590,3,
2017,103858590,1,
2017,103849283,1,
2017,103862706,9,
2017,103400478,9,
2017,103400478,1,
2017,104644965,1,
2017,104611661,9,
2017,104616935,1,
2017,103866942,6,
2017,103385178,6,
2017,103404546,1,
2017,103390348,1,
2017,103400674,10,
2017,103417892,10,
2017,103411085,1,
2017,103411886,1,
2017,103411704,1,
2017,103078764,2,
2017,101760982,1,
2017,101782690,9,
2017,101306997,1,
2017,102637456,1,
2017,101758810,1,
2017,102627580,1,
2017,99443662,6,
2017,99964900,2,
2017,100746135,1,
2017,100748157,6,
2017,99979662,6,
2017,99979662,1,
2017,100746011,6,
2017,100769265,10,
2017,100770732,1,
2017,100770732,6,
2017,100772970,1,
2017,100772970,6,
2017,99951069,6,
2017,99483713,10,
2017,105415904,10,
2017,106295176,1,
2017,101288643,6,
2017,101288643,1,
2017,101777697,2,
2017,105414550,2,
2017,105414547,2,
2017,105380214,1,
2017,106306759,9,
2017,100755817,9,
2017,99926427,1,
2017,102644197,1,
2017,102652820,1,
2017,102665116,9,
2017,102648761,6,
2017,102630308,1,
2017,103054419,8,
2017,98904386,10,
2017,106301350,1,
2017,106301350,6,
2017,106288660,6,
2017,103052836,6,
2017,103425443,1,
2017,103425058,1,
2017,106717154,1,
2017,105405434,9,
2017,105407330,1,
2017,103065283,6,
2017,103048156,1,
2017,103068475,10,
2017,101774957,9,
2017,103867057,2,
2017,101285080,6,
2017,101312792,10,
2017,104629050,9,
2017,103820878,1,
2017,103415691,1,
2017,103835318,6,
2017,104653187,1,
2017,103417532,1,
2017,103390008,1,
2017,103062372,6,
2017,104635487,1,
2017,104635487,6,
2017,104639695,1,
2017,103074827,1,
2017,103408550,1,
2017,104633952,9,
2017,104629184,10,
2017,104652436,10,
2017,103860703,9,
2017,103869055,2,
2017,107501551,9,
2017,107501551,1,
2017,106734645,1,
2017,105413587,9,
2017,106317618,1,
2017,107535704,2,
2017,101303282,1,
2017,101306039,10,
2017,101760922,6,
2017,103394000,1,
2017,102634020,10,
2017,102637354,1,
2017,103401598,1,
2017,103402908,1,
2017,101777639,1,
2017,101772531,1,
2017,103083242,9,
2017,99459105,1,
2017,99953389,10,
2017,103086134,1,
2017,99483903,2,
2017,99468901,10,
2017,100750384,10,
2017,106724263,9,
2017,106724263,1,
2017,106305996,1,
2017,101778522,1,
2017,105397815,1,
2017,99484152,1,
2017,102657583,10,
2017,102661851,9,
2017,102663027,1,
2017,102660227,6,
2017,103059158,1,
2017,98891547,1,
2017,101769137,10,
2017,101794484,10,
2017,102627135,1,
2017,102633577,9,
2017,103068225,10,
2017,98915786,10,
2017,105383262,1,
2017,106318585,9,
2017,106318650,9,
2017,106751109,6,
2017,106714881,10,
2017,103084108,6,
2017,103410485,1,
2017,103410485,6,
2017,103419998,10,
2017,105410322,9,
2017,103066218,9,
2017,100765467,1,
2017,103068236,1,
2017,103079905,1,
2017,99962401,10,
2017,100763429,1,
2017,101777355,1,
2017,101767986,9,
2017,101766716,1,
2017,101792334,1,
2017,101792331,1,
2017,101306124,6,
2017,101298311,1,
2017,101303335,8,
2017,103867092,1,
2017,106293585,9,
2017,103833246,6,
2017,103843183,1,
2017,103857804,1,
2017,104641583,6,
2017,104653230,1,
2017,104656296,8,
2017,103834760,6,
2017,104639174,1,
2017,103852267,1,
2017,103400667,10,
2017,103411275,10,
2017,103062557,9,
2017,103827081,9,
2017,103866287,6,
2017,103866287,1,
2017,106298248,1,
2017,101317542,1,
2017,101292981,1,
2017,103396216,1,
2017,102634765,9,
2017,101777657,1,
2017,101791914,1,
2017,99924311,1,
2017,103074096,1,
2017,103075115,9,
2017,100746221,9,
2017,100745977,10,
2017,99478024,10,
2017,100748156,6,
2017,100772089,10,
2017,99975782,1,
2017,99975782,6,
2017,99968011,10,
2017,107516354,10,
2017,105389887,1,
2017,105390388,9,
2017,105382682,10,
2017,100761300,10,
2017,102638046,10,
2017,102649474,10,
2017,102655461,10,
2017,102665394,9,
2017,101289107,10,
2017,103055342,4,
2017,99465757,1,
2017,98913211,9,
2017,106315985,1,
2017,106292755,1,
2017,107507418,10,
2017,106750735,6,
2017,106750735,1,
2017,103401033,1,
2017,103424327,8,
2017,103853086,9,
2017,105404217,9,
2017,106729887,8,
2017,106747614,9,
2017,105389912,1,
2017,106295748,10,
2017,106315833,1,
2017,100768568,6,
2017,100771644,1,
2017,99974139,1,
2017,99951867,1,
2017,100768605,1,
2017,101778659,1,
2017,101762355,6,
2017,101298930,9,
2017,101297760,6,
2017,101299019,1,
2017,105410630,1,
2017,107520880,9,
2017,105386834,10,
2017,105413410,6,
2017,106287394,6,
2017,101759035,10,
2017,101777959,1,
2017,101776947,9,
2017,100757857,1,
2017,104640433,1,
2017,104650692,6,
2017,103425441,10,
2017,103861808,9,
2017,103417867,6,
2017,103417297,1,
2017,103391091,10,
2017,103408987,10,
2017,103420013,10,
2017,104635702,1,
2017,103838454,1,
2017,103404600,10,
2017,104644379,9,
2017,101304975,1,
2017,105401428,1,
2017,105412003,1,
2017,106315935,1,
2017,100755384,1,
2017,100755384,9,
2017,102628122,9,
2017,102631183,10,
2017,102642144,1,
2017,103822164,1,
2017,102648357,1,
2017,102655767,10,
2017,102666793,1,
2017,102667109,1,
2017,101299434,9,
2017,103840756,1,
2017,101789356,1,
2017,103059458,1,
2017,106738563,2,
2017,103082441,9,
2017,103064165,2,
2017,103415708,1,
2017,103073797,9,
2017,103404272,1,
2017,103425487,1,
2017,106723195,1,
2017,106720952,1,
2017,105408383,10,
2017,106290146,10,
2017,106295798,1,
2017,100761139,1,
2017,99928580,6,
2017,100769287,1,
2017,100768512,9,
2017,99968986,1,
2017,103054205,1,
2017,101769276,10,
2017,101772086,9,
2017,103849916,1,
2017,101776924,10,
2017,101792232,10,
2017,101288543,2,
2017,101298305,1,
2017,107514519,6,
2017,106309501,9,
2017,106309019,1,
2017,101302445,8,
2017,102645182,9,
2017,105379302,1,
2017,101292331,1,
2017,101790738,9,
2017,102634702,9,
2017,101784159,9,
2017,103080957,1,
2017,99483725,1,
2017,100767504,1,
2017,99480321,1,
2017,99455841,1,
2017,99437833,10,
2017,103826821,1,
2017,104643787,10,
2017,104653817,1,
2017,104653817,6,
2017,104642971,1,
2017,104657775,1,
2017,103407049,10,
2017,104625275,1,
2017,104643628,1,
2017,104644449,1,
2017,103415165,10,
2017,103853114,6,
2017,104654106,9,
2017,103855472,1,
2017,106752560,2,
2017,106709680,10,
2017,106315235,9,
2017,105397052,9,
2017,106290214,1,
2017,99962168,9,
2017,102642121,1,
2017,102648331,1,
2017,102648335,1,
2017,102651616,6,
2017,102665372,1,
2017,102639759,1,
2017,102658432,1,
2017,103834098,1,
2017,106311928,1,
2017,107512300,9,
2017,107512736,9,
2017,106746584,1,
2017,103052739,1,
2017,105410589,9,
2017,106752276,1,
2017,105395501,10,
2017,106285406,10,
2017,103046351,1,
2017,103050544,6,
2017,100744345,10,
2017,100762221,10,
2017,103072900,9,
2017,100744850,6,
2017,100758175,12,1
2017,99460189,6,
2017,101778164,1,
2017,101770139,10,
2017,103867067,2,
2017,103389038,1,
2017,101778114,10,
2017,101288056,9,
2017,101777532,1,
2017,101770745,10,
2017,101297565,9,
2017,101303149,9,
2017,105411316,10,
2017,105397727,9,
2017,105419512,6,
2017,105376021,6,
2017,101302519,1,
2017,101291745,3,
2017,103395284,6,
2017,102638120,1,
2017,103398657,10,
2017,102634187,1,
2017,101757377,8,
2017,99928353,9,
2017,103083203,10,
2017,100748829,8,
2017,100748172,6,
2017,100773224,1,
2017,99458488,10,
2017,99947358,2,
2017,98891554,1,
2017,104617281,2,
2017,106295759,6,
2017,106296198,2,
2017,103410939,1,
2017,103837215,1,
2017,103841263,10,
2017,103408509,1,
2017,104642388,9,
2017,104614169,1,
2017,103844762,1,
2017,103849763,1,
2017,104631781,10,
2017,104637550,1,
2017,104643854,1,
2017,104645955,1,
2017,103851841,1,
2017,103048350,6,
2017,103053665,10,
2017,104629193,10,
2017,105394739,1,
2017,105410591,2,
2017,106724949,1,
2017,105389104,9,
2017,105401295,1,
2017,106309961,1,
2017,101303733,10,
2017,106313867,1,
2017,106318159,9,
2017,106314599,10,
2017,103064597,1,
2017,103066182,9,
2017,103841131,1,
2017,98902792,1,
2017,103059559,9,
2017,98895428,8,
2017,106750723,6,
2017,106750723,1,
2017,106720080,9,
2017,103418453,1,
2017,103850590,9,
2017,106726855,17,
2017,106752480,1,
2017,106746217,10,
2017,106720715,10,
2017,105385953,8,
2017,106285747,1,
2017,106309071,9,
2017,105395034,6,
2017,99985706,10,
2017,101770607,1,
2017,101306144,9,
2017,101763571,1,
2017,101314839,6,
2017,101314839,1,
2017,101288542,2,
2017,101297897,9,
2017,105384894,1,
2017,105419505,9,
2017,105395540,6,
2017,101303292,1,
2017,105384050,1,
2017,101770474,1,
2017,101787826,10,
2017,101792539,1,
2017,102634147,1,
2017,102646991,9,
2017,101777640,1,
2017,100744919,1,
2017,99965902,1,
2017,100773232,1,
2017,100770955,10,
2017,100766406,6,
2017,104629382,10,
2017,106301679,1,
2017,104631746,1,
2017,104611882,1,
2017,103822125,1,
2017,103822125,6,
2017,103401787,1,
2017,103401787,3,
2017,103426128,1,
2017,103844640,1,
2017,103852920,1,
2017,106743094,9,
2017,103406873,1,
2017,103830999,9,
2017,104628686,10,
2017,104653979,2,
2017,107529517,9,
2017,101770988,6,
2017,105417948,1,
2017,105390514,1,
2017,100755814,9,
2017,100757175,6,
2017,100757175,1,
2017,100761272,10,
2017,99929846,10,
2017,102649565,1,
2017,102650661,1,
2017,102653674,6,
2017,103071893,9,
2017,101288807,1,
2017,98891587,6,
2017,103826084,1,
2017,99987792,1,
2017,103057117,6,
2017,101787544,6,
2017,103064779,1,
2017,106288918,1,
2017,105404194,6,
2017,106750714,1,
2017,106750714,6,
2017,106740469,1,
2017,103391028,6,
2017,104621303,9,
2017,103850160,9,
2017,105408099,9,
2017,106734829,1,
2017,105375632,1,
2017,106708789,1,
2017,105414533,1,
2017,103047490,1,
2017,103085128,1,
2017,100764834,6,
2017,100771835,1,
2017,100747672,1,
2017,99461865,1,
2017,101783880,9,
2017,101781473,6,
2017,101769263,10,
2017,103858625,1,
2017,101777047,10,
2017,101777933,1,
2017,101783881,1,
2017,101784867,10,
2017,101304698,1,
2017,102662693,1,
2017,107503102,3,
2017,106298709,1,
2017,101298470,2,
2017,101792343,1,
2017,101305972,9,
2017,102630729,1,
2017,101784256,9,
2017,101786886,9,
2017,103845192,6,
2017,103057688,1,
2017,99456081,1,
2017,99951346,6,
2017,100767537,1,
2017,100743862,6,
2017,99925161,1,
2017,100744867,1,
2017,98902762,10,
2017,98902778,10,
2017,104621354,6,
2017,106285481,10,
2017,103858587,1,
2017,103858587,3,
2017,104656260,1,
2017,103843159,2,
2017,103849322,9,
2017,103851291,1,
2017,103857150,6,
2017,103857150,1,
2017,104622195,6,
2017,103391083,1,
2017,103413429,4,
2017,103079991,10,
2017,103049983,1,
2017,103832825,1,
2017,103404178,6,
2017,104623147,10,
2017,104625677,1,
2017,104631041,10,
2017,104655106,1,
2017,106712748,2,
2017,106714907,9,
2017,106734748,9,
2017,106314522,9,
2017,106300667,1,
2017,101296403,9,
2017,105397024,9,
2017,106294081,6,
2017,106294081,1,
2017,106303283,1,
2017,100755735,1,
2017,99956834,1,
2017,102633273,10,
2017,102641825,9,
2017,103822253,1,
2017,103849761,1,
2017,103868905,1,
2017,102648320,1,
2017,103053992,1,
2017,103056505,1,
2017,98903040,1,
2017,105415878,1,
2017,106295724,1,
2017,107935844,10,
2017,106284348,10,
2017,106715721,6,
2017,106728649,1,
2017,103082254,9,
2017,103077644,9,
2017,103830447,9,
2017,103846588,1,
2017,103846588,6,
2017,106734839,1,
2017,106725221,1,
2017,105415106,1,
2017,106297597,10,
2017,107942408,9,
2017,103084116,1,
2017,103052349,1,
2017,100762347,6,
2017,103067539,9,
2017,103067539,1,
2017,103069365,1,
2017,103085266,1,
2017,100745962,1,
2017,100766309,6,
2017,99989671,1,
2017,100760742,1,
2017,100771395,10,
2017,100757665,1,
2017,99473017,1,
2017,101780654,6,
2017,101774970,10,
2017,101770480,9,
2017,105383295,2,
2017,105397739,10,
2017,105396556,1,
2017,105407905,6,
2017,106305506,1,
2017,106305506,6,
2017,101297420,9,
2017,101305129,1,
2017,101295885,6,
2017,103389026,1,
2017,102634050,1,
2017,101793973,1,
2017,102646973,10,
2017,101787024,1,
2017,101777635,1,
2017,103840291,1,
2017,103084121,1,
2017,99476996,6,
2017,100746009,10,
2017,100752077,1,
2017,100748162,6,
2017,100768937,1,
2017,100771390,10,
2017,104625085,10,
2017,104624521,1,
2017,103834346,1,
2017,104614521,9,
2017,104616771,1,
2017,104649573,8,
2017,103421480,6,
2017,104616256,10,
2017,104643081,1,
2017,103858559,6,
2017,103050232,8,
2017,103390372,1,
2017,103425346,1,
2017,103853014,1,
2017,104614044,1,
2017,104648362,1,
2017,106756295,17,
2017,106708200,1,
2017,106734855,1,
2017,106729333,1,
2017,106729333,9,
2017,101309997,1,
2017,105390215,10,
2017,106311877,6,
2017,106311877,1,
2017,99456077,1,
2017,100755860,1,
2017,99959295,1,
2017,102648342,1,
2017,102652815,1,
2017,102660335,1,
2017,103063468,1,
2017,103077293,10,
2017,106312308,1,
2017,105386493,10,
2017,103056068,10,
2017,103078514,9,
2017,105396672,1,
2017,105373066,6,
2017,106292101,10,
2017,105386829,10,
2017,103068234,1,
2017,100766591,1,
2017,99987519,1,
2017,99990530,1,
2017,103073876,1,
2017,103073876,9,
2017,100747665,6,
2017,103081203,1,
2017,101792223,1,
2017,101767621,10,
2017,103858990,9,
2017,101776914,10,
2017,101755889,10,
2017,101304040,3,
2017,106311489,10,
2017,101306045,10,
2017,101303168,1,
2017,101311129,1,
2017,101311740,6,
2017,101773729,10,
2017,102647716,1,
2017,101758880,1,
2017,101789463,10,
2017,103078361,6,
2017,103078361,1,
2017,99452164,1,
2017,100767400,10,
2017,100773848,9,
2017,99987288,10,
2017,100771284,10,
2017,98903048,1,
2017,103415665,1,
2017,103853083,1,
2017,103390330,1,
2017,103404543,1,
2017,104647670,9,
2017,104614555,9,
2017,104649811,12,2
2017,103829518,10,
2017,107533196,1,
2017,106712235,1,
2017,107529451,9,
2017,106306614,9,
2017,106308274,9,
2017,105415669,10,
2017,101306487,3,
2017,105378053,6,
2017,102630515,9,
2017,102633980,1,
2017,102654200,1,
2017,102657857,6,
2017,102658398,10,
2017,102658418,3,
2017,102665359,1,
2017,102664412,6,
2017,103856982,2,
2017,103054275,10,
2017,106302140,1,
2017,106740213,1,
2017,103390546,2,
2017,103413117,9,
2017,103850579,9,
2017,105391060,1,
2017,106296889,10,
2017,106316743,9,
2017,106316743,1,
2017,106297913,6,
2017,103390553,1,
2017,100765455,9,
2017,100765455,1,
2017,103080996,1,
2017,100767430,1,
2017,99948722,1,
2017,99957114,1,
2017,99928772,8,
2017,100768252,1,
2017,103062559,6,
2017,99477968,10,
2017,99985700,1,
2017,99438030,1,
2017,101773832,10,
2017,101793534,2,
2017,105396603,1,
2017,105373332,6,
2017,106296636,10,
2017,101299556,1,
2017,102646495,1,
2017,105372402,9,
2017,101309171,1,
2017,101306426,9,
2017,101308747,8,
2017,101289051,10,
2017,102637895,9,
2017,102637895,1,
2017,102648979,9,
2017,103056014,9,
2017,100771401,9,
2017,99987280,10,
2017,99460073,10,
2017,98902782,10,
2017,104618252,1,
2017,106296638,1,
2017,103858585,1,
2017,103858585,3,
2017,104619739,6,
2017,104643402,6,
2017,103851205,1,
2017,103849843,9,
2017,103411271,10,
2017,103084023,9,
2017,103086365,1,
2017,104646341,9,
2017,103059145,9,
2017,103078372,1,
2017,103830994,9,
2017,103866932,1,
2017,103829540,10,
2017,104644134,1,
2017,105382701,1,
2017,107513863,10,
2017,106710803,1,
2017,106752916,10,
2017,105396847,1,
2017,105378418,1,
2017,106309307,6,
2017,107521249,6,
2017,101760775,1,
2017,105395504,10,
2017,105415118,10,
2017,105390775,10,
2017,102640108,1,
2017,102643892,10,
2017,103822160,1,
2017,102648597,1,
2017,102662238,2,
2017,104660653,1,
2017,98902929,9,
2017,103828631,9,
2017,99987802,1,
2017,98903232,9,
2017,103841124,10,
2017,103852857,1,
2017,103046270,1,
2017,106309545,6,
2017,106290377,8,
2017,106734637,9,
2017,103071504,10,
2017,103401026,1,
2017,103830639,4,
2017,106711425,9,
2017,106714923,9,
2017,103833751,1,
2017,100746143,1,
2017,99960884,1,
2017,100763297,1,
2017,100763297,6,
2017,99464415,9,
2017,99958387,1,
2017,99987325,1,
2017,101784157,1,
2017,103423855,9,
2017,103853145,1,
2017,103838145,1,
2017,103848844,1,
2017,103396641,1,
2017,103858529,6,
2017,103855438,1,
2017,103838873,1,
2017,103838873,6,
2017,104625683,1,
2017,103869059,2,
2017,106715724,1,
2017,105415258,9,
2017,105394875,1,
2017,105395056,1,
2017,105396882,1,
2017,101311001,9,
2017,102639340,6,
2017,102639340,1,
2017,102640992,1,
2017,101309554,6,
2017,101317453,9,
2017,103403669,1,
2017,103062555,1,
2017,100752243,9,
2017,99439183,1,
2017,99974011,10,
2017,100746181,1,
2017,99947979,1,
2017,99958672,9,
2017,106734444,10,
2017,106713654,10,
2017,106713301,1,
2017,106708675,1,
2017,102665445,1,
2017,101755466,1,
2017,101307978,1,
2017,105390389,9,
2017,106311089,1,
2017,106294289,9,
2017,99464147,1,
2017,102636954,1,
2017,102645725,1,
2017,103826461,1,
2017,103826461,8,
2017,102651614,6,
2017,102651666,1,
2017,102660186,10,
2017,102663623,1,
2017,103083907,9,
2017,103842711,1,
2017,103852894,1,
2017,101773446,9,
2017,105385433,9,
2017,106712219,9,
2017,106733332,10,
2017,103423651,2,
2017,103847375,1,
2017,103404282,6,
2017,103404282,1,
2017,103423867,1,
2017,103827052,9,
2017,103827178,1,
2017,106728439,10,
2017,106714807,3,
2017,106287998,1,
2017,99466008,1,
2017,100752934,1,
2017,99987838,9,
2017,99981815,1,
2017,103049035,6,
2017,101777648,2,
2017,101780620,1,
2017,101783516,9,
2017,101302568,1,
2017,101302568,9,
2017,106295220,9,
2017,103836122,9,
2017,104622114,1,
2017,104650591,1,
2017,103844168,6,
2017,103423177,10,
2017,103868170,1,
2017,104621302,9,
2017,103409828,6,
2017,104660650,1,
2017,106708725,10,
2017,106306295,1,
2017,101300971,9,
2017,102640984,1,
2017,105382036,6,
2017,101294149,10,
2017,101314822,8,
2017,101305469,1,
2017,101792673,1,
2017,101315723,1,
2017,102648925,9,
2017,101770165,6,
2017,101789580,6,
2017,103086484,9,
2017,100771753,6,
2017,99945490,6,
2017,106306610,9,
2017,107928802,1,
2017,101316771,1,
2017,105390377,9,
2017,105402058,10,
2017,105386238,1,
2017,105386238,6,
2017,106300278,9,
2017,106301581,9,
2017,99962686,8,
2017,102640975,1,
2017,102640975,6,
2017,103849753,1,
2017,102652829,1,
2017,102652952,1,
2017,102665379,1,
2017,102665383,10,
2017,104658811,1,
2017,103056905,9,
2017,103850116,6,
2017,103853028,1,
2017,98891018,1,
2017,103059242,1,
2017,105390358,3,
2017,103856051,1,
2017,103048132,10,
2017,103401432,10,
2017,103423798,1,
2017,103408498,1,
2017,103408498,9,
2017,103049352,10,
2017,103850150,1,
2017,105416181,2,
2017,106721955,9,
2017,106721955,1,
2017,105410414,1,
2017,106308226,6,
2017,106285798,1,
2017,106285798,6,
2017,103072149,1,
2017,100760852,1,
2017,99978606,1,
2017,99442872,1,
2017,99950296,1,
2017,101792229,1,
2017,101298984,6,
2017,104622290,10,
2017,104620748,9,
2017,103836096,9,
2017,104643768,2,
2017,104652622,9,
2017,103417275,9,
2017,104650741,10,
2017,104657782,1,
2017,104645229,1,
2017,103385257,10,
2017,103411658,1,
2017,104653987,2,
2017,105392378,6,
2017,105406602,10,
2017,101291449,10,
2017,101770457,1,
2017,101302985,10,
2017,101773811,6,
2017,101758277,1,
2017,103401048,1,
2017,103401048,6,
2017,101770070,9,
2017,101792194,1,
2017,99484158,1,
2017,100768597,3,
2017,100766795,1,
2017,100772260,1,
2017,100752586,10,
2017,99951098,9,
2017,107529438,9,
2017,101304948,6,
2017,101297606,1,
2017,103051855,1,
2017,101301878,9,
2017,105389995,9,
2017,105390390,9,
2017,105399715,10,
2017,99953417,10,
2017,102641836,1,
2017,102651106,1,
2017,102655417,9,
2017,102658685,9,
2017,100760741,1,
2017,98897724,10,
2017,98902858,1,
2017,103075508,6,
2017,103056729,10,
2017,102629875,10,
2017,103066741,9,
2017,105385438,2,
2017,106309428,3,
2017,103409656,1,
2017,103830643,4,
2017,106729082,1,
2017,106747595,9,
2017,106747595,1,
2017,105393506,1,
2017,100762226,10,
2017,103073775,9,
2017,100769101,9,
2017,100771378,9,
2017,100752914,9,
2017,99957887,3,
2017,103053399,10,
2017,99472985,6,
2017,101759988,10,
2017,101757387,1,
2017,101773448,1,
2017,101773448,6,
2017,101771024,1,
2017,101771567,6,
2017,104631489,1,
2017,103422162,10,
2017,103850605,10,
2017,104656971,1,
2017,104658467,1,
2017,104641435,6,
2017,104642596,1,
2017,103426937,6,
2017,103425197,1,
2017,103401067,1,
2017,103413483,10,
2017,104621321,9,
2017,104626066,1,
2017,104626633,6,
2017,103831140,1,
2017,103415784,1,
2017,103403371,1,
2017,104619979,9,
2017,103052499,1,
2017,106724242,9,
2017,101292686,1,
2017,101288330,6,
2017,103385236,1,
2017,103395009,9,
2017,101291616,6,
2017,101755569,10,
2017,101781678,2,
2017,102634794,9,
2017,102641839,10,
2017,102648521,1,
2017,102649624,1,
2017,101755703,9,
2017,99926881,10,
2017,99443678,6,
2017,100747693,1,
2017,99978559,1,
2017,99924710,1,
2017,105404097,6,
2017,105404097,1,
2017,105394531,1,
2017,101314833,1,
2017,101314833,6,
2017,103047957,1,
2017,101313271,9,
2017,105418889,1,
2017,105390219,10,
2017,105384872,6,
2017,107924887,9,
2017,106288554,1,
2017,102639339,9,
2017,102654072,1,
2017,102654078,1,
2017,102658402,1,
2017,102662628,1,
2017,102662100,10,
2017,103047985,1,
2017,100765075,9,
2017,103071512,1,
2017,103861836,1,
2017,102628259,1,
2017,103057573,9,
2017,106290785,10,
2017,106311830,9,
2017,103408262,10,
2017,103424312,6,
2017,103424633,6,
2017,103829793,8,
2017,106743535,1,
2017,105374259,1,
2017,105405433,9,
2017,106289797,1,
2017,107517267,1,
2017,103057364,6,
2017,99466004,1,
2017,100763422,1,
2017,99984149,1,
2017,103083465,1,
2017,99474087,1,
2017,101783870,9,
2017,101779483,1,
2017,101767517,1,
2017,103850725,10,
2017,106298901,1,
2017,103402618,9,
2017,103402618,1,
2017,104619752,9,
2017,104635809,10,
2017,104652620,1,
2017,103857516,9,
2017,103427815,1,
2017,104625272,1,
2017,104626973,10,
2017,103851021,10,
2017,107519333,11,5
2017,103865216,9,
2017,105377086,1,
2017,106298931,10,
2017,105384891,1,
2017,105372417,10,
2017,105404596,2,
2017,106300485,1,
2017,106313170,1,
2017,101302429,8,
2017,105410384,1,
2017,101302961,1,
2017,101309180,9,
2017,101770425,1,
2017,105402069,1,
2017,101756018,1,
2017,101312722,1,
2017,101792346,6,
2017,101317338,9,
2017,102628284,6,
2017,102628284,1,
2017,102638311,1,
2017,102634772,9,
2017,101772469,1,
2017,101775013,1,
2017,101775013,9,
2017,101777633,1,
2017,101777374,10,
2017,103862823,1,
2017,103862823,6,
2017,99469107,6,
2017,99444588,9,
2017,100746123,1,
2017,100751669,1,
2017,100756473,1,
2017,99964139,1,
2017,99925175,1,
2017,99462219,1,
2017,100762340,9,
2017,100772154,1,
2017,100772244,1,
2017,100772252,1,
2017,99976761,1,
2017,106729973,1,
2017,111179876,1,
2017,105410522,1,
2017,105410529,1,
2017,106285556,10,
2017,101295005,9,
2017,101295005,1,
2017,101311291,2,
2017,101311378,1,
2017,101309420,10,
2017,106309049,6,
2017,106285393,1,
2017,100747325,1,
2017,99930371,1,
2017,102642764,6,
2017,102655933,6,
2017,102660560,10,
2017,102661845,6,
2017,103051848,1,
2017,103061760,6,
2017,103852861,1,
2017,106298136,1,
2017,105373783,9,
2017,105386497,10,
2017,106720091,9,
2017,103055376,10,
2017,106713742,1,
2017,106754853,1,
2017,106298460,9,
2017,103047843,1,
2017,103070474,2,
2017,99465994,1,
2017,101317340,9,
2017,99930939,1,
2017,99461835,1,
2017,101785755,1,
2017,103386336,1,
2017,101294993,1,
2017,101294993,9,
2017,104658288,1,
2017,103397980,6,
2017,103083669,1,
2017,103415994,10,
2017,103421290,6,
2017,103421290,1,
2017,104619730,6,
2017,104658945,1,
2017,103843935,8,
2017,103843935,1,
2017,106713389,1,
2017,106734865,1,
2017,106301674,1,
2017,106301674,6,
2017,101298367,10,
2017,101782700,9,
2017,101756021,10,
2017,101757319,1,
2017,101793543,6,
2017,102637804,6,
2017,102639861,1,
2017,101785476,1,
2017,100761287,9,
2017,99958278,1,
2017,99954156,6,
2017,105396800,6,
2017,105386766,3,
2017,105386766,1,
2017,105386932,9,
2017,106285684,1,
2017,101303224,1,
2017,101317420,1,
2017,101758137,1,
2017,101309415,10,
2017,106313369,10,
2017,99947772,9,
2017,102642475,1,
2017,102649203,9,
2017,102652518,9,
2017,102653814,1,
2017,103075848,1,
2017,103065659,1,
2017,105375746,1,
2017,103062396,1,
2017,106734658,10,
2017,106752456,1,
2017,105384632,1,
2017,105396522,9,
2017,106298560,6,
2017,103047366,1,
2017,103067552,1,
2017,103067552,9,
2017,99954127,9,
2017,99954127,1,
2017,99950832,9,
2017,100771382,9,
2017,99962115,9,
2017,103073875,1,
2017,103073875,3,
2017,103048354,6,
2017,99987528,1,
2017,100763638,1,
2017,101777376,9,
2017,103862793,10,
2017,101780702,6,
2017,104620845,6,
2017,106300867,6,
2017,103845649,9,
2017,104652617,10,
2017,104660521,6,
2017,103859057,6,
2017,103852541,10,
2017,104620404,1,
2017,104620404,6,
2017,103426741,10,
2017,104631082,10,
2017,103829526,10,
2017,107504467,9,
2017,106708564,1,
2017,106725078,10,
2017,105402437,10,
2017,105384252,1,
2017,105406912,9,
2017,106305647,1,
2017,105396568,1,
2017,106293165,1,
2017,106297090,10,
2017,101299577,1,
2017,101317292,1,
2017,101306717,1,
2017,101770074,9,
2017,101308191,1,
2017,103397469,10,
2017,101786382,6,
2017,101794052,1,
2017,99958267,1,
2017,99453414,10,
2017,100759887,1,
2017,100760109,1,
2017,100760109,6,
2017,99456505,1,
2017,100772971,1,
2017,100772971,6,
2017,99951055,10,
2017,106751110,1,
2017,101302657,10,
2017,101303151,9,
2017,101304976,1,
2017,101777545,9,
2017,106314532,10,
2017,106299377,1,
2017,102664913,10,
2017,99439329,1,
2017,99439329,6,
2017,103853158,1,
2017,103856979,2,
2017,102635749,9,
2017,105377650,2,
2017,103839261,6,
2017,106720741,10,
2017,106733478,10,
2017,105412245,10,
2017,105396842,10,
2017,105408943,1,
2017,106285528,10,
2017,103079328,10,
2017,100750709,1,
2017,99947399,1,
2017,99947399,6,
2017,100744856,6,
2017,103074209,1,
2017,103084268,1,
2017,100747978,1,
2017,101762923,1,
2017,101765024,1,
2017,101777879,1,
2017,101297041,1,
2017,101792602,1,
2017,101755717,1,
2017,101755751,1,
2017,101780647,10,
2017,104622867,1,
2017,103836125,9,
2017,103849799,1,
2017,103418339,1,
2017,103425208,1,
2017,103409520,10,
2017,103426281,1,
2017,103409368,1,
2017,103866223,1,
2017,103833582,6,
2017,103425414,1,
2017,103836114,10,
2017,104646078,1,
2017,104651824,10,
2017,107504461,9,
2017,107521163,2,
2017,107506900,1,
2017,106724240,6,
2017,106750327,9,
2017,106741231,2,
2017,106750885,9,
2017,105381911,9,
2017,103391196,1,
2017,105410618,1,
2017,105397718,9,
2017,107527072,6,
2017,105416733,6,
2017,105416733,1,
2017,101311258,8,
2017,101776005,1,
2017,101776005,6,
2017,101317431,9,
2017,101298507,1,
2017,101777867,1,
2017,102639331,10,
2017,102648545,10,
2017,101755735,6,
2017,101778389,1,
2017,100768776,9,
2017,106716248,1,
2017,106742537,9,
2017,106294861,1,
2017,106303896,2,
2017,107504621,1,
2017,101317143,10,
2017,101306730,2,
2017,101297611,1,
2017,101303064,10,
2017,105407735,6,
2017,105378486,6,
2017,106311067,1,
2017,106311067,6,
2017,106306666,10,
2017,99463341,10,
2017,103852884,8,
2017,102648348,1,
2017,102653811,1,
2017,102657363,1,
2017,102665056,4,
2017,102639613,1,
2017,99457530,1,
2017,103842455,1,
2017,103852294,1,
2017,102633565,1,
2017,106292486,1,
2017,106311096,6,
2017,106720700,1,
2017,103061711,1,
2017,103869610,9,
2017,103063795,9,
2017,106715725,17,
2017,106290804,6,
2017,103083595,10,
2017,103048139,1,
2017,103077798,9,
2017,99960856,9,
2017,100771565,1,
2017,100761326,1,
2017,103079315,10,
2017,103072909,9,
2017,101761266,1,
2017,101787589,6,
2017,101771831,9,
2017,101777604,10,
2017,103847524,6,
2017,103400484,1,
2017,103400484,9,
2017,103412379,6,
2017,103398764,9,
2017,103837044,9,
2017,104643438,1,
2017,103842461,6,
2017,103420275,2,
2017,103402526,9,
2017,104623089,1,
2017,107502400,10,
2017,101313070,10,
2017,106309228,6,
2017,101774990,10,
2017,101289101,10,
2017,101286408,1,
2017,101302153,1,
2017,101302430,1,
2017,103390212,1,
2017,102648513,1,
2017,102648947,9,
2017,101777043,1,
2017,101777185,1,
2017,101755657,1,
2017,101777422,6,
2017,99962600,1,
2017,103059729,8,
2017,103057509,1,
2017,99962438,1,
2017,100758315,4,
2017,100747101,9,
2017,99950841,10,
2017,99955456,9,
2017,99962454,9,
2017,100766613,1,
2017,99468162,6,
2017,107935845,10,
2017,106303575,1,
2017,101772819,1,
2017,103046425,9,
2017,102646057,2,
2017,102656023,1,
2017,102665437,8,
2017,103053991,1,
2017,103055542,9,
2017,104612326,6,
2017,101783805,9,
2017,105410657,1,
2017,107527924,1,
2017,103393099,8,
2017,103415261,10,
2017,103403990,1,
2017,106707542,1,
2017,103080446,1,
2017,100765337,10,
2017,99976743,6,
2017,99469193,9,
2017,99929346,10,
2017,100771614,1,
2017,99487021,1,
2017,99958994,10,
2017,103070156,6,
2017,101768707,6,
2017,101787956,10,
2017,101760012,1,
2017,101777653,1,
2017,101777651,1,
2017,101309751,1,
2017,107527870,1,
2017,101298302,1,
2017,102662708,1,
2017,104618856,6,
2017,103821255,6,
2017,103822211,1,
2017,104644734,1,
2017,104642599,1,
2017,103849639,1,
2017,103422195,10,
2017,103411301,9,
2017,104636208,1,
2017,103851337,1,
2017,103849845,9,
2017,103426293,1,
2017,107527923,1,
2017,103842863,1,
2017,107527908,1,
2017,107528001,10,
2017,105415334,1,
2017,105419498,9,
2017,105398250,1,
2017,106292859,1,
2017,106296245,9,
2017,106303440,1,
2017,101294800,9,
2017,101766053,1,
2017,101768574,1,
2017,101303165,1,
2017,101759436,9,
2017,101760483,1,
2017,102636514,6,
2017,103400907,2,
2017,101762736,10,
2017,101755736,9,
2017,100758310,4,
2017,100771514,9,
2017,100764683,9,
2017,105395882,1,
2017,106316047,2,
2017,106303578,1,
2017,101757022,6,
2017,105376880,1,
2017,106310882,1,
2017,106297568,9,
2017,102631298,10,
2017,102651625,1,
2017,102652886,1,
2017,102652971,6,
2017,102653188,1,
2017,102658414,1,
2017,102663818,9,
2017,102648661,1,
2017,103057220,10,
2017,101290580,1,
2017,98907156,1,
2017,103837473,1,
2017,103864369,1,
2017,103425070,1,
2017,105396356,1,
2017,106284403,1,
2017,106302165,1,
2017,105378203,1,
2017,105397150,1,
2017,99483987,1,
2017,100768928,1,
2017,100751329,1,
2017,101767813,9,
2017,101767523,1,
2017,101767523,9,
2017,103859444,9,
2017,101306555,10,
2017,101288285,1,
2017,101299599,10,
2017,102664984,10,
2017,102666448,10,
2017,104617714,1,
2017,104632530,9,
2017,104643490,1,
2017,104645336,9,
2017,103425138,1,
2017,104631093,10,
2017,104643779,1,
2017,103864470,6,
2017,103415989,10,
2017,103069749,6,
2017,103058076,9,
2017,104657333,10,
2017,103852065,8,
2017,103385085,1,
2017,105415510,1,
2017,105406954,1,
2017,101297983,9,
2017,101302265,9,
2017,101789466,10,
2017,101792374,9,
2017,101781679,2,
2017,101780629,6,
2017,101774685,1,
2017,103078902,1,
2017,103068973,9,
2017,99962629,9,
2017,99926321,1,
2017,99929825,1,
2017,100760749,1,
2017,105380999,1,
2017,105384932,1,
2017,105384932,8,
2017,105397363,10,
2017,105404202,10,
2017,106318152,9,
2017,99460116,1,
2017,99962386,9,
2017,103833340,10,
2017,103849781,1,
2017,102648502,1,
2017,101288781,1,
2017,103861643,1,
2017,98901760,1,
2017,103416003,10,
2017,104620644,1,
2017,103415277,1,
2017,103867279,9,
2017,106737933,1,
2017,106725593,9,
2017,105395102,9,
2017,105396237,2,
2017,105404186,6,
2017,106295746,10,
2017,106303400,10,
2017,103067547,9,
2017,103067547,1,
2017,99925171,9,
2017,99958674,9,
2017,100744216,10,
2017,100763425,1,
2017,100771674,1,
2017,99925193,1,
2017,103051716,10,
2017,99462783,6,
2017,100771658,1,
2017,101783875,9,
2017,101755630,1,
2017,101292836,9,
2017,101293126,1,
2017,101295309,1,
2017,101303994,1,
2017,101317531,1,
2017,104613456,9,
2017,103866791,10,
2017,104614454,10,
2017,104641083,1,
2017,103836417,9,
2017,103425583,2,
2017,106315902,1,
2017,103400319,9,
2017,103404700,10,
2017,104652427,10,
2017,104658546,1,
2017,103830009,1,
2017,103408461,9,
2017,106316828,6,
2017,101313287,6,
2017,105418828,10,
2017,101315747,10,
2017,103389674,1,
2017,101757312,1,
2017,101771824,1,
2017,101771824,6,
2017,102642710,1,
2017,102648677,1,
2017,101777197,1,
2017,103047801,1,
2017,100746493,6,
2017,99958629,9,
2017,99925953,10,
2017,99946263,8,
2017,99439325,9,
2017,106723239,6,
2017,106720062,9,
2017,105397678,9,
2017,101307120,1,
2017,101317517,1,
2017,105372420,1,
2017,106297278,10,
2017,106285395,1,
2017,102653809,1,
2017,102657692,10,
2017,102652125,1,
2017,101289048,10,
2017,103056901,9,
2017,103085855,9,
2017,102630614,9,
2017,103056558,1,
2017,105405682,1,
2017,103398662,9,
2017,103049527,1,
2017,106717070,6,
2017,106710660,1,
2017,106733193,1,
2017,106301589,1,
2017,106292318,1,
2017,106303431,1,
2017,106308435,6,
2017,106311991,1,
2017,103085806,1,
2017,103054195,10,
2017,103086034,9,
2017,100768623,6,
2017,99929917,10,
2017,99925761,1,
2017,100761312,1,
2017,99930436,1,
2017,99464751,1,
2017,99980850,10,
2017,103055235,1,
2017,99950840,6,
2017,99950840,1,
2017,101773616,9,
2017,101304664,1,
2017,101313294,1,
2017,103834586,1,
2017,103409831,9,
2017,104617233,1,
2017,104621305,9,
2017,104642982,1,
2017,104634073,6,
2017,104627191,1,
2017,101288817,1,
2017,101303870,1,
2017,101297899,9,
2017,101302378,9,
2017,101317296,1,
2017,103398680,9,
2017,103399854,1,
2017,102648645,10,
2017,102648989,9,
2017,101762723,6,
2017,103068166,1,
2017,100764562,1,
2017,99987177,9,
2017,100771428,1,
2017,99947966,6,
2017,105372067,1,
2017,101769447,1,
2017,101784151,6,
2017,105413339,1,
2017,106306788,1,
2017,102641968,10,
2017,103845147,9,
2017,103845147,1,
2017,102649838,10,
2017,102656388,1,
2017,102658036,1,
2017,103057223,10,
2017,104659309,1,
2017,101779644,9,
2017,102627486,1,
2017,106728659,1,
2017,105396673,1,
2017,106290386,8,
2017,105410632,1,
2017,106729361,9,
2017,106713713,1,
2017,103403998,1,
2017,103837827,1,
2017,106717090,10,
2017,106295853,1,
2017,106301615,1,
2017,99465998,1,
2017,100753187,1,
2017,99987083,10,
2017,99452909,9,
2017,99453427,1,
2017,99985191,1,
2017,101777329,10,
2017,101777427,1,
2017,101777960,1,
2017,101302939,10,
2017,101758665,10,
2017,101782658,9,
2017,101297898,9,
2017,101317522,1,
2017,101315465,1,
2017,104631411,1,
2017,103415682,1,
2017,104641549,1,
2017,104643495,1,
2017,103827434,10,
2017,103840988,10,
2017,103855556,6,
2017,103840975,2,
2017,103385093,1,
2017,103393748,1,
2017,103411273,10,
2017,103425508,9,
2017,104638776,6,
2017,104638776,1,
2017,103421345,9,
2017,105373422,10,
2017,106737909,1,
2017,105413579,9,
2017,107527064,6,
2017,105396558,1,
2017,106287557,1,
2017,101297990,9,
2017,102627920,1,
2017,102649179,1,
2017,102649421,1,
2017,101760908,9,
2017,101762742,10,
2017,99962128,10,
2017,99467174,6,
2017,99962860,1,
2017,99474615,10,
2017,100768800,9,
2017,100767439,1,
2017,100768464,1,
2017,99987133,1,
2017,98902787,10,
2017,107529418,9,
2017,105389640,9,
2017,105407675,6,
2017,106294450,3,
2017,106315267,6,
2017,107501686,1,
2017,101308674,1,
2017,101301403,1,
2017,102663048,1,
2017,102665314,10,
2017,101783847,9,
2017,105375585,1,
2017,105376102,9,
2017,106301079,9,
2017,106307562,10,
2017,107507379,1,
2017,105410624,1,
2017,106720063,9,
2017,103853088,9,
2017,106707537,1,
2017,106303399,10,
2017,105384629,1,
2017,105396832,1,
2017,99484059,1,
2017,100771620,1,
2017,100746164,1,
2017,99951347,6,
2017,100773124,6,
2017,103866863,1,
2017,101774110,1,
2017,101315542,1,
2017,101302982,9,
2017,101303214,1,
2017,104628536,10,
2017,104640016,10,
2017,103857416,1,
2017,103426406,1,
2017,103836419,9,
2017,103390102,10,
2017,104645881,1,
2017,103858699,8,
2017,103854145,1,
2017,103403922,1,
2017,103421993,1,
2017,104622216,10,
2017,104657132,1,
2017,105373419,10,
2017,105397742,10,
2017,106310282,1,
2017,101297614,10,
2017,101302452,8,
2017,101295587,10,
2017,105386258,1,
2017,101289889,1,
2017,101293297,9,
2017,102634776,9,
2017,102635065,8,
2017,100766767,1,
2017,99968135,1,
2017,107935846,10,
2017,101313197,1,
2017,101315867,1,
2017,105398049,1,
2017,102629082,1,
2017,102636404,1,
2017,102640895,1,
2017,102641845,9,
2017,102657156,1,
2017,102665049,1,
2017,103837466,1,
2017,101777597,1,
2017,106727376,9,
2017,105405690,1,
2017,107505497,1,
2017,111184968,8,
2017,103424981,1,
2017,103867295,2,
2017,106729895,8,
2017,105415945,10,
2017,105397162,1,
2017,100744349,10,
2017,103054201,10,
2017,99958606,9,
2017,99458119,1,
2017,99972632,9,
2017,100761114,1,
2017,100761211,1,
2017,101778782,10,
2017,101310005,1,
2017,101317418,1,
2017,101300675,1,
2017,104625003,10,
2017,104653249,9,
2017,104657902,1,
2017,103395965,1,
2017,103834256,1,
2017,103866015,1,
2017,104639871,1,
2017,104616201,1,
2017,103855676,1,
2017,103072937,1,
2017,103850833,10,
2017,104645964,1,
2017,103851738,10,
2017,103850659,1,
2017,104653984,2,
2017,107506273,9,
2017,105413583,9,
2017,105419043,1,
2017,105386858,10,
2017,101296913,10,
2017,101298811,9,
2017,101302980,1,
2017,101286791,1,
2017,101288291,1,
2017,101288291,6,
2017,101772273,6,
2017,101772273,1,
2017,101309163,1,
2017,101311836,1,
2017,103391019,1,
2017,101779067,6,
2017,103401914,1,
2017,103401914,9,
2017,102637900,1,
2017,102637900,9,
2017,103074175,1,
2017,103074175,9,
2017,100763652,6,
2017,100768882,1,
2017,100761166,1,
2017,100771444,9,
2017,99962245,1,
2017,99944630,6,
2017,106713303,1,
2017,106290238,6,
2017,107518992,1,
2017,105415470,9,
2017,101788916,1,
2017,101317503,1,
2017,105384948,8,
2017,105384948,1,
2017,100761416,1,
2017,102637438,1,
2017,102638058,10,
2017,102651674,1,
2017,102653234,9,
2017,102664012,8,
2017,103084209,1,
2017,103855951,1,
2017,103855951,9,
2017,103049044,10,
2017,102635584,2,
2017,98902962,1,
2017,106290384,8,
2017,103424648,1,
2017,103865678,9,
2017,103857089,1,
2017,106714841,10,
2017,105404199,1,
2017,104631908,6,
2017,104639387,9,
2017,103840766,1,
2017,104612384,9,
2017,104640026,10,
2017,103425774,1,
2017,103425767,1,
2017,103084027,9,
2017,104631788,10,
2017,103414390,6,
2017,107507647,9,
2017,105372304,10,
2017,103072901,9,
2017,99974786,1,
2017,100752087,1,
2017,100758732,1,
2017,100770311,1,
2017,100751337,1,
2017,103069789,1,
2017,99985221,6,
2017,101767504,1,
2017,101777759,1,
2017,101777406,10,
2017,102665325,1,
2017,102666752,10,
2017,101762747,9,
2017,105408905,1,
2017,106308661,9,
2017,101305220,1,
2017,101311178,1,
2017,101293284,1,
2017,101293675,6,
2017,103391310,6,
2017,101777642,6,
2017,101784305,1,
2017,102634045,1,
2017,103046014,9,
2017,101758607,1,
2017,100771435,4,
2017,99469623,10,
2017,100772706,9,
2017,99483468,10,
2017,107501230,9,
2017,106746409,1,
2017,105372474,6,
2017,106303707,6,
2017,106285969,1,
2017,99945119,9,
2017,103852184,1,
2017,102666499,1,
2017,100754456,6,
2017,98902854,2,
2017,98915895,9,
2017,103059741,1,
2017,103077295,10,
2017,103077932,1,
2017,104612063,1,
2017,102627062,6,
2017,103050138,8,
2017,103050186,9,
2017,105383790,1,
2017,105388511,10,
2017,107506584,1,
2017,107527054,9,
2017,103423229,1,
2017,103424330,8,
2017,105399808,1,
2017,105415934,1,
2017,106725490,8,
2017,106721499,9,
2017,106740201,1,
2017,106714889,10,
2017,106708810,1,
2017,105381917,6,
2017,106296206,2,
2017,103408146,9,
2017,103418197,1,
2017,103393637,10,
2017,103822663,1,
2017,104658749,1,
2017,103423293,1,
2017,103420397,8,
2017,104635797,1,
2017,103077458,1,
2017,103415779,1,
2017,103412343,1,
2017,104625006,10,
2017,103408463,9,
2017,103057201,9,
2017,100752984,6,
2017,100752984,1,
2017,103046326,1,
2017,101770055,1,
2017,103389034,1,
2017,101776159,1,
2017,101299341,9,
2017,101285547,9,
2017,101310971,9,
2017,101758868,1,
2017,101292945,1,
2017,105397002,1,
2017,105420021,17,
2017,105402649,1,
2017,105404040,10,
2017,101285095,1,
2017,101770505,1,
2017,101289300,10,
2017,101755643,8,
2017,101789388,1,
2017,103401087,9,
2017,103402900,1,
2017,101766332,1,
2017,101774091,10,
2017,99928350,9,
2017,99958597,9,
2017,99439205,1,
2017,100749906,1,
2017,99443683,1,
2017,100746166,9,
2017,99979496,1,
2017,107527932,10,
2017,106733187,9,
2017,105404091,1,
2017,105404091,6,
2017,106307213,1,
2017,105381006,1,
2017,106312161,1,
2017,106298110,1,
2017,99951090,10,
2017,102636952,1,
2017,102638995,1,
2017,102649354,6,
2017,102652056,6,
2017,102664916,10,
2017,102635658,2,
2017,103054501,9,
2017,106314617,9,
2017,103411837,10,
2017,103424959,1,
2017,106711899,1,
2017,106745910,1,
2017,106311672,10,
2017,105415851,1,
2017,103856976,1,
2017,106300865,6,
2017,103853037,1,
2017,103830218,1,
2017,103423596,1,
2017,104650609,1,
2017,103858845,9,
2017,103421543,10,
2017,103425585,1,
2017,104616926,6,
2017,104631777,10,
2017,104636610,1,
2017,103403914,1,
2017,103426295,1,
2017,103822019,9,
2017,103410269,1,
2017,103056083,1,
2017,104650771,9,
2017,104652646,1,
2017,104652842,10,
2017,104653349,1,
2017,100750373,1,
2017,99975512,10,
2017,99484260,8,
2017,101778712,6,
2017,101786436,9,
2017,102665579,10,
2017,103054564,1,
2017,101310966,1,
2017,105398041,10,
2017,105385525,1,
2017,105385525,6,
2017,105396274,6,
2017,105415238,9,
2017,105410610,1,
2017,101771232,9,
2017,101782752,6,
2017,101303098,10,
2017,101289651,1,
2017,101756211,1,
2017,101299034,1,
2017,101771278,1,
2017,101771954,9,
2017,101317516,10,
2017,101777944,1,
2017,101777396,3,
2017,101771500,9,
2017,101778783,6,
2017,99974715,10,
2017,103084112,1,
2017,99945107,1,
2017,100773846,9,
2017,99962347,1,
2017,99925966,10,
2017,99947973,6,
2017,106720050,1,
2017,105406017,9,
2017,106306617,9,
2017,106310478,10,
2017,99951713,10,
2017,102645717,1,
2017,102646876,9,
2017,102652736,1,
2017,102657600,1,
2017,102658397,9,
2017,102660063,1,
2017,102660606,10,
2017,102665469,1,
2017,98902795,10,
2017,103064605,9,
2017,103856997,1,
2017,102627866,6,
2017,102635292,1,
2017,103058166,9,
2017,107953630,1,
2017,106740470,1,
2017,103415740,10,
2017,103423993,1,
2017,103423993,6,
2017,103419514,1,
2017,103830636,4,
2017,106748250,1,
2017,106754848,1,
2017,107950132,1,
2017,106297184,1,
2017,106288006,1,
2017,104632242,1,
2017,104634571,3,
2017,103395638,6,
2017,103850613,10,
2017,104635400,6,
2017,104643720,1,
2017,104644129,1,
2017,104650728,9,
2017,104631409,1,
2017,104649930,8,
2017,103829514,10,
2017,103050485,10,
2017,106734886,9,
2017,103832804,1,
2017,99483997,9,
2017,100769418,6,
2017,99962123,9,
2017,99462779,6,
2017,100767949,1,
2017,101769267,10,
2017,101780376,9,
2017,101789342,1,
2017,101771171,1,
2017,101304219,6,
2017,101304219,1,
2017,101304054,1,
2017,101288161,9,
2017,101302160,6,
2017,101304167,1,
2017,103394418,10,
2017,105419489,9,
2017,105397702,9,
2017,101771575,6,
2017,101317540,1,
2017,101289087,10,
2017,101292326,1,
2017,101288756,10,
2017,101768579,1,
2017,101309158,1,
2017,101775461,6,
2017,103082343,6,
2017,101792159,10,
2017,103065460,2,
2017,103078754,9,
2017,99475629,10,
2017,100744629,9,
2017,106729359,9,
2017,106287389,10,
2017,105397860,1,
2017,106291956,6,
2017,107530862,1,
2017,99474602,10,
2017,102627058,1,
2017,102627466,1,
2017,102628257,1,
2017,102639201,9,
2017,102641065,10,
2017,102649343,1,
2017,102653705,2,
2017,102664883,1,
2017,103053861,9,
2017,105394453,6,
2017,103835750,9,
2017,103048133,10,
2017,103048130,10,
2017,103403727,1,
2017,103867020,1,
2017,106753411,1,
2017,105392893,1,
2017,105383147,6,
2017,105378059,10,
2017,105386949,10,
2017,105396467,1,
2017,106300347,10,
2017,104611708,10,
2017,103423590,6,
2017,104639518,9,
2017,103834265,6,
2017,103411063,6,
2017,103423144,6,
2017,103414557,1,
2017,104643117,1,
2017,104643117,8,
2017,103078367,1,
2017,103840938,10,
2017,103851845,10,
2017,104658331,10,
2017,99958682,9,
2017,100754401,1,
2017,99924483,1,
2017,100750466,10,
2017,99954894,9,
2017,103064219,10,
2017,99484275,8,
2017,103861982,1,
2017,101782382,2,
2017,101286134,1,
2017,101295570,10,
2017,101315552,1,
2017,101317093,9,
2017,101778332,9,
2017,106315230,1,
2017,106315573,9,
2017,105387142,10,
2017,105400688,6,
2017,105419310,9,
2017,105386838,10,
2017,101293888,9,
2017,101313254,1,
2017,103395279,6,
2017,101302755,1,
2017,101777644,6,
2017,101790149,1,
2017,101769866,1,
2017,101790208,9,
2017,103401603,1,
2017,103401564,1,
2017,102639863,1,
2017,102645710,1,
2017,102648975,9,
2017,101777228,10,
2017,101766856,9,
2017,100747097,10,
2017,99957955,1,
2017,99958339,8,
2017,100746169,9,
2017,100768801,1,
2017,100768808,1,
2017,100772240,1,
2017,106746594,9,
2017,107515241,9,
2017,106713205,1,
2017,106311249,9,
2017,100760927,1,
2017,102631347,10,
2017,102662556,6,
2017,98902959,1,
2017,103084038,10,
2017,103084242,1,
2017,98894002,10,
2017,103850954,10,
2017,105419560,1,
2017,107501881,6,
2017,106753330,1,
2017,103414364,6,
2017,103048783,1,
2017,106714872,17,
2017,106734734,9,
2017,106293580,9,
2017,104642542,1,
2017,104643042,10,
2017,104645340,9,
2017,104658260,1,
2017,103857039,1,
2017,104643233,6,
2017,104655133,1,
2017,103827791,1,
2017,103054829,1,
2017,103406504,1,
2017,103406504,3,
2017,103412351,1,
2017,104627308,1,
2017,104659227,10,
2017,107507148,1,
2017,100762227,10,
2017,103083309,1,
2017,99443908,1,
2017,101792632,1,
2017,101781410,1,
2017,103385166,1,
2017,101295780,1,
2017,101795242,1,
2017,101792301,1,
2017,101310337,1,
2017,101316876,1,
2017,105390211,10,
2017,105407692,6,
2017,105382676,1,
2017,105382676,6,
2017,105404967,10,
2017,107527056,6,
2017,106311386,1,
2017,101314965,9,
2017,102642323,3,
2017,101303971,10,
2017,101770440,1,
2017,102638191,6,
2017,102630379,1,
2017,102635987,6,
2017,102648964,9,
2017,101761369,9,
2017,101777658,1,
2017,103077884,9,
2017,103059075,1,
2017,99464735,1,
2017,100751336,1,
2017,100768778,9,
2017,99929208,1,
2017,99469689,2,
2017,99953197,6,
2017,106741948,1,
2017,106721331,9,
2017,106738134,8,
2017,106720061,1,
2017,105372786,10,
2017,106297270,9,
2017,106310898,1,
2017,102638052,10,
2017,103852131,9,
2017,103861880,1,
2017,102649013,1,
2017,102652831,6,
2017,102653701,2,
2017,102655329,6,
2017,102654757,1,
2017,102664921,1,
2017,100744225,10,
2017,98902670,2,
2017,101766056,10,
2017,102629882,10,
2017,102630666,1,
2017,98895425,8,
2017,103415792,1,
2017,103068903,10,
2017,103830445,9,
2017,103863340,10,
2017,103866885,1,
2017,103868102,1,
2017,105405193,1,
2017,106716765,1,
2017,104628501,6,
2017,103409392,6,
2017,104659026,1,
2017,103852396,1,
2017,103828061,1,
2017,103052130,10,
2017,103423991,6,
2017,104657812,9,
2017,103821938,1,
2017,105384540,6,
2017,105396297,10,
2017,103047639,9,
2017,99987535,1,
2017,100773233,9,
2017,100773233,1,
2017,101763416,9,
2017,101777404,9,
2017,101777887,1,
2017,101308869,6,
2017,103051948,1,
2017,101305190,1,
2017,101316674,10,
2017,101783417,9,
2017,105391435,1,
2017,105413924,9,
2017,105415798,10,
2017,102644755,1,
2017,101317424,1,
2017,101297900,10,
2017,101317671,2,
2017,105396268,9,
2017,103395816,1,
2017,103396209,1,
2017,102636692,1,
2017,103398118,9,
2017,102636644,6,
2017,99466460,6,
2017,99987729,1,
2017,99443685,1,
2017,100761549,1,
2017,107518136,1,
2017,106740169,2,
2017,106315774,1,
2017,106285426,1,
2017,106295171,1,
2017,106316795,1,
2017,99931230,1,
2017,102637225,1,
2017,103849779,1,
2017,102654361,1,
2017,99464741,6,
2017,98893649,1,
2017,98902890,1,
2017,103838219,10,
2017,103852898,1,
2017,103856987,1,
2017,106712623,6,
2017,106734729,6,
2017,106747462,6,
2017,105373074,9,
2017,105405678,9,
2017,106293587,9,
2017,104659161,1,
2017,104616293,8,
2017,104634338,9,
2017,103415747,1,
2017,103426130,1,
2017,104621335,9,
2017,104644494,1,
2017,103863538,10,
2017,103411580,1,
2017,103863483,1,
2017,104624279,2,
2017,104626966,6,
2017,104646085,1,
2017,105397520,1,
2017,106748146,1,
2017,103077880,1,
2017,99478485,1,
2017,100745993,1,
2017,103046367,1,
2017,103075562,1,
2017,100760970,1,
2017,99929331,1,
2017,99946168,6,
2017,101770161,1,
2017,101770161,6,
2017,101761070,1,
2017,103851161,1,
2017,103386340,1,
2017,101787150,1,
2017,101759385,1,
2017,101774659,9,
2017,101775671,10,
2017,101307275,2,
2017,101303160,1,
2017,105373233,1,
2017,105394594,1,
2017,103393158,6,
2017,105407772,2,
2017,106293459,10,
2017,106307063,9,
2017,105419566,9,
2017,105380008,1,
2017,101303887,1,
2017,101780273,6,
2017,103397802,1,
2017,102648503,1,
2017,102649599,2,
2017,103059969,9,
2017,103075079,1,
2017,99462217,1,
2017,99469635,10,
2017,100771861,1,
2017,100746406,1,
2017,99966880,1,
2017,107529491,9,
2017,106309446,1,
2017,99468942,9,
2017,102640894,1,
2017,102641720,1,
2017,102651669,1,
2017,102652730,1,
2017,99948513,1,
2017,98902784,10,
2017,103049497,2,
2017,103085847,9,
2017,103085847,1,
2017,102635578,2,
2017,106284550,10,
2017,106311931,1,
2017,107527877,10,
2017,106738135,1,
2017,103867035,10,
2017,106710474,1,
2017,105415937,1,
2017,105396460,1,
2017,103047430,1,
2017,103047430,6,
2017,100746145,1,
2017,99466000,1,
2017,99944764,1,
2017,100771830,1,
2017,100768159,9,
2017,100767428,10,
2017,100768553,9,
2017,103865675,9,
2017,101286154,6,
2017,101303065,2,
2017,101317869,1,
2017,104634319,10,
2017,103849286,1,
2017,104633982,9,
2017,104645259,1,
2017,103402847,1,
2017,103845938,9,
2017,103846839,1,
2017,103855938,6,
2017,103857100,2,
2017,103410575,6,
2017,104629165,1,
2017,104649578,8,
2017,104660579,1,
2017,103425739,1,
2017,103833655,6,
2017,103852688,1,
2017,103415207,1,
2017,103416730,1,
2017,104643770,1,
2017,103824016,10,
2017,103867191,1,
2017,103860579,1,
2017,103426738,10,
2017,104646106,1,
2017,104652937,6,
2017,103842540,6,
2017,103869045,2,
2017,103391031,1,
2017,107504471,9,
2017,107504472,9,
2017,107527950,10,
2017,106303647,1,
2017,106294533,1,
2017,106297095,10,
2017,101785132,1,
2017,105415395,1,
2017,102640406,1,
2017,102646415,1,
2017,101288154,1,
2017,101288296,10,
2017,101297978,9,
2017,101304694,8,
2017,102639625,6,
2017,103401088,9,
2017,102634200,1,
2017,102648500,1,
2017,101780269,1,
2017,101776445,10,
2017,99956734,1,
2017,103065237,1,
2017,99462778,1,
2017,103075835,9,
2017,99443654,10,
2017,100748902,9,
2017,100768461,1,
2017,99925960,10,
2017,99453313,1,
2017,105407681,6,
2017,106298113,1,
2017,106303583,1,
2017,107535430,1,
2017,101755725,1,
2017,105374901,1,
2017,106306033,1,
2017,99456564,1,
2017,100754082,1,
2017,102651081,1,
2017,102654746,1,
2017,102657629,9,
2017,102663810,9,
2017,102664517,9,
2017,102665515,6,
2017,98907592,6,
2017,103064566,1,
2017,98903079,1,
2017,101777514,1,
2017,102635970,1,
2017,98918802,9,
2017,106298090,6,
2017,103411725,6,
2017,103048781,1,
2017,103830687,1,
2017,105415474,1,
2017,106736017,2,
2017,106743520,10,
2017,106725226,1,
2017,103081064,1,
2017,103046001,1,
2017,103054196,10,
2017,103057435,1,
2017,99976731,6,
2017,103082896,6,
2017,103082896,1,
2017,99951870,1,
2017,101771039,1,
2017,101788757,6,
2017,101293052,6,
2017,101306708,9,
2017,101314435,2,
2017,101285635,9,
2017,103856672,9,
2017,104623240,9,
2017,104639399,1,
2017,103844971,1,
2017,104649109,1,
2017,104614400,6,
2017,103833859,1,
2017,104642583,1,
2017,103827175,9,
2017,103398663,1,
2017,104643913,9,
2017,103844649,1,
2017,103050234,8,
2017,103065294,9,
2017,106734699,1,
2017,103424966,2,
2017,103410831,1,
2017,107537953,1,
2017,106298591,6,
2017,103391188,10,
2017,105409837,9,
2017,105397184,1,
2017,105395546,6,
2017,106311968,1,
2017,101317638,2,
2017,105374011,1,
2017,103064066,1,
2017,101317146,1,
2017,101311770,10,
2017,101756214,1,
2017,101783607,9,
2017,101782548,6,
2017,103391010,1,
2017,101775187,9,
2017,102627874,1,
2017,102646883,1,
2017,101775022,1,
2017,101775022,9,
2017,101757318,1,
2017,101771040,1,
2017,100746126,1,
2017,100761557,1,
2017,99948308,9,
2017,100768731,9,
2017,100773239,1,
2017,99955247,10,
2017,99955240,10,
2017,101302963,9,
2017,105374123,9,
2017,105395514,10,
2017,105413362,9,
2017,106301150,6,
2017,99962705,8,
2017,102630641,10,
2017,102641838,9,
2017,102642137,1,
2017,103848103,1,
2017,100766499,1,
2017,100771581,1,
2017,101784369,9,
2017,99456080,1,
2017,106306631,9,
2017,106292498,2,
2017,106300118,1,
2017,103415736,1,
2017,104621910,9,
2017,103057548,1,
2017,103866922,1,
2017,103820616,6,
2017,103851798,10,
2017,103851745,6,
2017,106708738,1,
2017,106734755,1,
2017,105393181,1,
2017,105402416,1,
2017,105415802,1,
2017,106303401,10,
2017,103073816,8,
2017,103073816,6,
2017,99946758,10,
2017,99972817,9,
2017,100761225,1,
2017,103068469,10,
2017,99484831,10,
2017,99461862,1,
2017,103866970,1,
2017,101773559,1,
2017,101314151,10,
2017,101298477,1,
2017,101313857,1,
2017,103847536,10,
2017,103867088,1,
2017,106294222,9,
2017,103852225,1,
2017,104632526,9,
2017,103842851,1,
2017,103842851,6,
2017,103849190,1,
2017,103851985,1,
2017,103420209,10,
2017,103826026,1,
2017,103051195,5,
2017,103413495,10,
2017,104631734,6,
2017,103848129,10,
2017,103411644,1,
2017,103078901,6,
2017,104622163,6,
2017,107530166,6,
2017,103820900,1,
2017,107504470,9,
2017,107506895,10,
2017,103048100,1,
2017,105376004,6,
2017,105411925,2,
2017,107530163,10,
2017,101785630,10,
2017,101303351,1,
2017,101792552,1,
2017,101313071,10,
2017,101783841,9,
2017,101795300,9,
2017,99442889,1,
2017,103049400,9,
2017,99965730,1,
2017,100747564,1,
2017,99962546,9,
2017,99458867,1,
2017,100758145,9,
2017,100770164,1,
2017,100764686,9,
2017,99962599,1,
2017,106709756,6,
2017,106709756,1,
2017,105379946,1,
2017,106307591,1,
2017,105394520,10,
2017,106306612,9,
2017,106306616,9,
2017,105393339,1,
2017,106290029,1,
2017,106310813,9,
2017,99456571,1,
2017,100752913,1,
2017,102633068,6,
2017,102641828,9,
2017,102648764,6,
2017,102662773,6,
2017,103050087,9,
2017,100766597,9,
2017,103068229,1,
2017,98908889,10,
2017,102628249,1,
2017,98902980,10,
2017,99437459,1,
2017,107511227,9,
2017,103409475,1,
2017,103415280,1,
2017,103850155,9,
2017,103868044,1,
2017,105410598,9,
2017,106728448,10,
2017,105396655,1,
2017,105404302,9,
2017,105388814,6,
2017,106284381,17,
2017,103075497,10,
2017,100747766,10,
2017,99458124,1,
2017,103046198,6,
2017,99437949,10,
2017,101777650,2,
2017,101769414,6,
2017,101769414,9,
2017,101790368,1,
2017,101772097,9,
2017,101306723,2,
2017,101313193,1,
2017,104629131,1,
2017,106300817,1,
2017,104644787,1,
2017,104631628,1,
2017,103830083,1,
2017,103415244,9,
2017,103415244,1,
2017,103418387,9,
2017,104652923,1,
2017,104653991,2,
2017,105388569,10,
2017,105398532,1,
2017,106311829,1,
2017,107514522,9,
2017,102642752,6,
2017,101303976,1,
2017,103396552,1,
2017,103398664,10,
2017,102649497,10,
2017,101783991,9,
2017,101766707,10,
2017,99442884,9,
2017,99944717,9,
2017,100751678,1,
2017,100751675,1,
2017,99457227,1,
2017,99962937,1,
2017,105390303,9,
2017,106312126,9,
2017,106303148,9,
2017,101301481,1,
2017,105392433,1,
2017,105397366,10,
2017,105374248,1,
2017,105385263,1,
2017,100751235,1,
2017,102638862,10,
2017,102642981,9,
2017,102652744,9,
2017,102651949,1,
2017,99439175,9,
2017,103056897,6,
2017,106297945,1,
2017,106313142,1,
2017,103822780,1,
2017,107936328,1,
2017,106738445,1,
2017,106748254,1,
2017,106735885,10,
2017,105410512,9,
2017,105404181,6,
2017,106300778,3,
2017,106300778,1,
2017,103822727,1,
2017,100759490,2,
2017,99964369,6,
2017,99964369,1,
2017,99926857,9,
2017,99980848,10,
2017,101790365,1,
2017,101303297,1,
2017,101763324,1,
2017,101290625,1,
2017,102665585,10,
2017,102665575,10,
2017,101314409,1,
2017,101317507,1,
2017,103866874,6,
2017,103850601,10,
2017,103417288,9,
2017,104633787,9,
2017,103385174,1,
2017,103834952,10,
2017,103411066,1,
2017,104658949,1,
2017,103866850,1,
2017,107543499,17,
2017,107527949,10,
2017,103046101,2,
2017,105411981,1,
2017,105386851,10,
2017,105406608,10,
2017,101315745,1,
2017,101300472,1,
2017,101757015,1,
2017,101790170,9,
2017,102648954,9,
2017,103047796,1,
2017,103072882,10,
2017,100746134,1,
2017,100746178,10,
2017,100748323,1,
2017,99975712,6,
2017,99975712,1,
2017,100763303,1,
2017,99986997,10,
2017,99955352,1,
2017,106734677,1,
2017,106742552,9,
2017,106287341,6,
2017,101315659,1,
2017,105396646,10,
2017,99439194,1,
2017,99439194,6,
2017,103822640,1,
2017,102648325,1,
2017,102655732,9,
2017,102663179,10,
2017,103065161,1,
2017,99437830,10,
2017,100765636,1,
2017,98902775,10,
2017,103067478,1,
2017,103067478,9,
2017,103047580,10,
2017,103078364,6,
2017,103081335,6,
2017,98902927,1,
2017,103849935,10,
2017,103066747,9,
2017,103063578,6,
2017,103067452,6,
2017,103425064,1,
2017,103830631,4,
2017,106712843,9,
2017,106729937,1,
2017,105397778,1,
2017,105408902,1,
2017,105408902,6,
2017,106299616,1,
2017,99988946,6,
2017,100755493,1,
2017,100755493,6,
2017,103062591,6,
2017,99951190,10,
2017,99453397,8,
2017,101769149,1,
2017,101771920,1,
2017,103862747,6,
2017,101766092,9,
2017,101292838,9,
2017,101771032,1,
2017,101309750,1,
2017,101303228,1,
2017,101306167,1,
2017,101293904,10,
2017,101317407,10,
2017,101758865,1,
2017,104617235,1,
2017,103851979,1,
2017,104622113,1,
2017,103415757,2,
2017,103849068,10,
2017,104650735,9,
2017,103866286,1,
2017,103409823,9,
2017,103827068,1,
2017,104634117,9,
2017,104634117,1,
2017,104634616,9,
2017,103852126,1,
2017,103406325,9,
2017,103857552,9,
2017,103866927,1,
2017,104623164,9,
2017,104655926,1,
2017,103853005,9,
2017,105396040,1,
2017,105397733,10,
2017,101315752,10,
2017,101782694,6,
2017,101310243,9,
2017,99928355,9,
2017,99467385,6,
2017,103084514,9,
2017,103060105,9,
2017,100748264,6,
2017,100768889,1,
2017,100760708,6,
2017,99953599,6,
2017,103047544,1,
2017,106714884,10,
2017,106309454,1,
2017,99477941,9,
2017,100761266,10,
2017,102641833,9,
2017,102643526,1,
2017,102637337,9,
2017,102664908,10,
2017,100750386,10,
2017,103067799,1,
2017,103055151,1,
2017,102630647,1,
2017,102636275,1,
2017,106285288,1,
2017,106754974,1,
2017,106754974,9,
2017,103068257,1,
2017,103047509,9,
2017,103055205,1,
2017,103062906,9,
2017,103062906,1,
2017,103850114,6,
2017,103841255,1,
2017,106732385,1,
2017,106721787,9,
2017,106717159,1,
2017,100747043,9,
2017,100750412,1,
2017,101767528,1,
2017,101311132,1,
2017,101317870,1,
2017,101313863,1,
2017,101758872,1,
2017,103829683,10,
2017,106292308,2,
2017,103822632,1,
2017,104640572,1,
2017,104653273,6,
2017,103836422,9,
2017,103411098,1,
2017,104638474,10,
2017,106743092,9,
2017,103863402,9,
2017,103045817,10,
2017,103425741,2,
2017,104648353,1,
2017,103826175,1,
2017,105411211,10,
2017,106728643,9,
2017,105378798,1,
2017,106302258,1,
2017,105396229,10,
2017,105396287,9,
2017,101760989,1,
2017,102642360,1,
2017,101311208,9,
2017,101780154,1,
2017,101760176,1,
2017,101777462,1,
2017,101303058,10,
2017,101298936,9,
2017,101318149,1,
2017,102639592,1,
2017,101777631,1,
2017,101777636,1,
2017,103082791,1,
2017,103082791,6,
2017,103054790,1,
2017,99982670,1,
2017,99462223,1,
2017,100758120,2,
2017,99929149,1,
2017,107527456,1,
2017,106745815,10,
2017,106315776,1,
2017,105378495,9,
2017,101755723,1,
2017,105373929,1,
2017,105402380,10,
2017,105394754,1,
2017,106297408,9,
2017,102629779,11,7
2017,102638889,1,
2017,102638889,3,
2017,102642130,1,
2017,102655903,9,
2017,102663198,6,
2017,102662947,1,
2017,100773223,1,
2017,98902751,10,
2017,103057226,10,
2017,103069563,1,
2017,103083763,10,
2017,103054542,9,
2017,102629869,10,
2017,106299105,9,
2017,103415750,1,
2017,103863046,10,
2017,103401042,1,
2017,103411092,6,
2017,103820629,6,
2017,106712582,10,
2017,106716810,6,
2017,106714840,10,
2017,106733354,10,
2017,106309579,9,
2017,105404303,9,
2017,106312704,6,
2017,106298457,9,
2017,107512288,9,
2017,103083591,10,
2017,99464376,10,
2017,100757466,1,
2017,99453945,1,
2017,99483513,1,
2017,101780622,1,
2017,101303130,1,
2017,102664875,10,
2017,102665891,1,
2017,101316849,1,
2017,104631282,1,
2017,103856357,1,
2017,103395636,6,
2017,103421998,1,
2017,103844247,1,
2017,103846150,9,
2017,103856116,9,
2017,103856116,1,
2017,103853009,1,
2017,104642967,1,
2017,103836414,9,
2017,104635804,1,
2017,106734691,1,
2017,103385253,10,
2017,107506890,10,
2017,105386659,1,
2017,106307848,1,
2017,105396295,9,
2017,101301770,1,
2017,102638100,1,
2017,102635063,8,
2017,101776376,1,
2017,101764857,9,
2017,99928359,9,
2017,100751707,10,
2017,100772728,6,
2017,103084131,9,
2017,106751277,1,
2017,105394663,1,
2017,106287123,6,
2017,106287123,3,
2017,101286511,1,
2017,101787671,10,
2017,105405612,9,
2017,102628585,1,
2017,102639184,1,
2017,102640400,1,
2017,102653257,6,
2017,102653257,9,
2017,102657361,1,
2017,102657726,1,
2017,100761580,1,
2017,98902785,1,
2017,103058157,9,
2017,106318654,9,
2017,107516872,10,
2017,103419658,1,
2017,104616737,9,
2017,105412584,1,
2017,106721494,9,
